{
  "RFModel": {
    "EntropySelection": {
      "10": [
        [
          37.32,
          41.4,
          41.07,
          44.99,
          40.77,
          45.28,
          46.33,
          42.83,
          50.41,
          58.199999999999996,
          61.919999999999995,
          63.349999999999994,
          64.14999999999999,
          62.129999999999995,
          63.6,
          63.33,
          63.339999999999996,
          70.74000000000001,
          71.69,
          71.32,
          70.71,
          73.78,
          74.11,
          76.05,
          76.48,
          76.42999999999999,
          76.44999999999999,
          75.83,
          76.05,
          76.73,
          77.32,
          77.57,
          76.4,
          78.06,
          78.96,
          78.4,
          78.57,
          78.67,
          79.46,
          80.55,
          80.67999999999999,
          79.82000000000001,
          81.21000000000001,
          81.04,
          81.78,
          82.25,
          81.64,
          82.48,
          83.11,
          84.19
        ]
      ]
    },
    "EntropySelectionClustering": {
      "10": [
        [
          37.32,
          40.86,
          47.980000000000004,
          48.69,
          51.559999999999995,
          59.98,
          59.97,
          65.75,
          63.470000000000006,
          67.57,
          67.73,
          67.12,
          69.67,
          68.63,
          68.25,
          68.41000000000001,
          68.91000000000001,
          70.89,
          72.84,
          73.26,
          75.42999999999999,
          75.08,
          75.49,
          74.81,
          75.18,
          78.19,
          77.29,
          77.96,
          78.51,
          79.66,
          78.86999999999999,
          80.04,
          80.93,
          80.85,
          80.63,
          81.23,
          80.34,
          80.44,
          81.78,
          82.04,
          84.14,
          83.81,
          84.54,
          84.64,
          83.22,
          83.45,
          84.11,
          85.32,
          85.0,
          85.53
        ]
      ]
    },
    "RandomSelection": {
      "10": [
        [
          37.32,
          40.06,
          44.99,
          50.4,
          56.96,
          58.51,
          67.28,
          68.7,
          70.21,
          70.67,
          70.6,
          69.49,
          70.48,
          71.12,
          73.25,
          75.73,
          75.67,
          76.53,
          76.03,
          78.06,
          78.61,
          80.14,
          79.97,
          80.01,
          81.23,
          80.57,
          81.58,
          81.94,
          81.78,
          82.91,
          83.1,
          83.22,
          83.06,
          83.38,
          83.89,
          84.42,
          84.39999999999999,
          85.24000000000001,
          85.36,
          85.81,
          86.33,
          86.18,
          86.28,
          86.27,
          85.89,
          86.55000000000001,
          86.35000000000001,
          86.38,
          87.24,
          86.77
        ]
      ]
    }
  }
}