{
  "RFModel": {
    "EntropySelection": {
      "50": [
        [
          59.45,
          62.739999999999995,
          68.02,
          69.32000000000001,
          70.14,
          72.1,
          72.37,
          77.55,
          78.75,
          80.66
        ]
      ]
    },
    "EntropySelectionClustering": {
      "50": [
        [
          59.45,
          65.09,
          73.92,
          77.42,
          78.94,
          79.0,
          81.58,
          82.66,
          85.28999999999999,
          86.42999999999999
        ]
      ]
    },
    "RandomSelection": {
      "50": [
        [
          59.45,
          71.49,
          76.75,
          81.33,
          81.58,
          84.56,
          85.32,
          86.8,
          87.1,
          87.27000000000001
        ]
      ]
    }
  }
}