{
  "LinearSVC": {
    "EntropySelection": {
      "10": [
        [
          36.6,
          55.620000000000005,
          54.71,
          59.91,
          63.06,
          69.43,
          72.02,
          73.49,
          72.5,
          72.72999999999999,
          72.45,
          74.33999999999999,
          76.74,
          77.07000000000001,
          78.92,
          78.07,
          78.18,
          79.16,
          79.12,
          79.23,
          78.53999999999999,
          78.96,
          79.47,
          80.4,
          81.42,
          82.39,
          82.86,
          82.87,
          82.80999999999999,
          82.77,
          82.48,
          82.39999999999999,
          82.6,
          82.34,
          83.07,
          83.33,
          83.84,
          84.04,
          84.06,
          84.04,
          84.32,
          84.28,
          84.08,
          84.03,
          84.33,
          84.16,
          84.87,
          84.92,
          84.75,
          84.99
        ]
      ],
      "100": [
        [
          77.55,
          81.07,
          83.63000000000001,
          85.57000000000001,
          85.38
        ]
      ],
      "150": [
        [
          79.03,
          85.09,
          85.8,
          86.22999999999999
        ]
      ],
      "50": [
        [
          63.9,
          70.74000000000001,
          75.97,
          78.62,
          81.69,
          83.07,
          82.72,
          83.12,
          83.44,
          84.56
        ]
      ]
    },
    "MarginSamplingSelection": {
      "10": [
        [
          36.6,
          45.06,
          49.59,
          59.77,
          63.79,
          69.96,
          72.09,
          75.03999999999999,
          76.59,
          77.44,
          78.10000000000001,
          78.56,
          80.17999999999999,
          81.67,
          82.55,
          82.44,
          83.67,
          84.5,
          84.8,
          84.87,
          85.1,
          84.96000000000001,
          84.56,
          85.03,
          85.34,
          85.74000000000001,
          86.14,
          86.68,
          87.35000000000001,
          87.45,
          87.63,
          87.5,
          87.57000000000001,
          87.64,
          88.0,
          87.94999999999999,
          88.27000000000001,
          87.86,
          87.99,
          88.23,
          88.63,
          88.66000000000001,
          88.49000000000001,
          88.92999999999999,
          88.74,
          88.79,
          89.17,
          89.1,
          89.36,
          89.48
        ]
      ],
      "100": [
        [
          77.55,
          81.05,
          84.64,
          86.41,
          87.5
        ]
      ],
      "150": [
        [
          79.03,
          85.91,
          87.09,
          87.85
        ]
      ],
      "50": [
        [
          63.9,
          79.44,
          81.62,
          84.78,
          85.45,
          87.47,
          87.9,
          88.05,
          88.41,
          88.77000000000001
        ]
      ]
    },
    "RandomSelection": {
      "10": [
        [
          36.6,
          39.6,
          47.96,
          57.26,
          63.04,
          63.85999999999999,
          66.3,
          68.81,
          70.26,
          73.50999999999999,
          75.53,
          75.7,
          75.79,
          77.56,
          77.99000000000001,
          78.56,
          79.21000000000001,
          79.56,
          79.85,
          79.63,
          80.94,
          81.37,
          81.84,
          81.97,
          82.1,
          82.41000000000001,
          82.76,
          83.15,
          83.42,
          83.28,
          83.41,
          83.42,
          83.57,
          83.6,
          83.7,
          84.3,
          84.7,
          84.71,
          84.69,
          84.83000000000001,
          84.84,
          84.83000000000001,
          84.81,
          85.05,
          85.45,
          85.64,
          85.92,
          86.15,
          86.42999999999999,
          86.42
        ]
      ],
      "100": [
        [
          77.55,
          80.35,
          83.43,
          84.2,
          85.86
        ]
      ],
      "150": [
        [
          79.03,
          83.36,
          86.52,
          87.49
        ]
      ],
      "50": [
        [
          63.9,
          76.55999999999999,
          81.82000000000001,
          82.98,
          85.39,
          85.54,
          86.66,
          86.17,
          86.92,
          87.17
        ]
      ]
    }
  },
  "RFModel": {
    "EntropySelection": {
      "10": [
        [
          37.32,
          46.11,
          55.35,
          55.02,
          62.62,
          67.58999999999999,
          70.17,
          73.35000000000001,
          73.22,
          73.95,
          73.92999999999999,
          74.95,
          76.2,
          76.16000000000001,
          76.57000000000001,
          77.12,
          76.72,
          75.59,
          75.41,
          76.87,
          76.92999999999999,
          77.28,
          78.33,
          79.43,
          80.30000000000001,
          80.15,
          80.75,
          82.62,
          83.62,
          82.89,
          83.67,
          82.5,
          83.26,
          84.82,
          84.88,
          84.96000000000001,
          85.48,
          85.82,
          85.69,
          86.63,
          86.82,
          87.61,
          87.42999999999999,
          87.94,
          87.48,
          88.06,
          88.48,
          88.75,
          88.53,
          88.24
        ]
      ],
      "100": [
        [
          75.33,
          77.91,
          82.67999999999999,
          85.61,
          87.53999999999999
        ]
      ],
      "150": [
        [
          76.06,
          82.97,
          87.38,
          89.59
        ]
      ],
      "50": [
        [
          59.45,
          66.86,
          74.82,
          80.07,
          82.3,
          82.45,
          83.25,
          84.03,
          87.76,
          88.38000000000001
        ]
      ]
    },
    "MarginSamplingSelection": {
      "10": [
        [
          37.32,
          42.449999999999996,
          39.67,
          48.5,
          57.04,
          57.04,
          68.77,
          74.36,
          75.68,
          78.85,
          78.39,
          81.89999999999999,
          81.67999999999999,
          81.8,
          82.97,
          84.38,
          83.56,
          84.99,
          86.38,
          86.94,
          86.0,
          86.52,
          88.02,
          88.03999999999999,
          88.31,
          88.6,
          88.44,
          88.8,
          89.73,
          89.49000000000001,
          89.58,
          88.85,
          90.0,
          90.53999999999999,
          89.92999999999999,
          90.86999999999999,
          90.48,
          90.84,
          91.33,
          90.67,
          91.23,
          91.18,
          91.14,
          91.25,
          91.72,
          91.57,
          92.08,
          92.17,
          92.51,
          92.60000000000001
        ]
      ],
      "100": [
        [
          75.33,
          83.54,
          87.64,
          90.02,
          91.91
        ]
      ],
      "150": [
        [
          76.06,
          86.97,
          89.64,
          91.97999999999999
        ]
      ],
      "50": [
        [
          59.45,
          70.94,
          82.41000000000001,
          86.31,
          88.14999999999999,
          88.64999999999999,
          90.83,
          91.61,
          92.02,
          92.32000000000001
        ]
      ]
    },