{
  "LinearSVC": {
    "EntropySelection": {
      "50": [
        [
          63.9,
          66.11,
          66.75999999999999,
          66.88,
          72.18,
          74.92,
          79.85,
          79.55,
          80.44,
          81.46
        ]
      ]
    },
    "EntropySelectionClustering": {
      "50": [
        [
          63.9,
          68.17999999999999,
          72.28,
          73.64,
          73.86,
          75.12,
          75.14999999999999,
          75.33,
          77.75999999999999,
          78.77
        ]
      ]
    }
  }
}