{
  "LinearSVC": {
    "EntropySelection": {
      "25": [
        [
          48.94,
          50.529999999999994,
          56.169999999999995,
          58.230000000000004,
          60.11,
          60.22,
          66.34,
          71.06,
          69.28,
          69.78999999999999,
          70.62,
          71.66,
          74.32,
          75.25,
          76.33,
          76.08,
          77.95,
          78.46,
          79.24,
          79.52
        ]
      ]
    },
    "EntropySelectionClustering": {
      "25": [
        [
          48.94,
          60.089999999999996,
          62.51,
          66.47,
          67.39,
          69.97,
          74.47,
          76.83,
          77.47,
          76.42999999999999,
          77.72,
          78.67,
          79.78,
          79.44,
          79.65,
          80.12,
          80.28999999999999,
          80.9,
          81.2,
          80.5
        ]
      ]
    },
    "RandomSelection": {
      "25": [
        [
          48.94,
          61.99,
          75.49,
          77.05,
          79.47,
          79.74,
          81.31,
          81.53,
          81.57,
          82.48,
          83.82,
          84.17999999999999,
          84.66,
          85.42999999999999,
          85.98,
          86.22999999999999,
          86.63,
          86.83999999999999,
          86.57000000000001,
          87.0
        ]
      ]
    }
  }
}