{
  "LinearSVC": {
    "EntropySelection": {
      "50": [
        [
          63.9,
          66.11,
          66.75999999999999,
          66.88,
          72.18,
          74.92,
          79.85,
          79.55,
          80.44,
          81.46
        ]
      ]
    },
    "EntropySelectionClustering": {
      "50": [
        [
          63.9,
          68.76,
          70.78999999999999,
          71.61999999999999,
          76.34,
          76.29,
          77.12,
          79.03999999999999,
          79.7,
          81.57
        ]
      ]
    },
    "RandomSelection": {
      "50": [
        [
          63.9,
          74.37,
          80.11,
          83.00999999999999,
          84.27,
          84.24000000000001,
          84.89999999999999,
          84.88,
          85.52,
          85.7
        ]
      ]
    }
  }
}