{
  "LinearSVC": {
    "EntropySelection": {
      "50": [
        [
          63.9,
          64.09,
          64.12,
          64.18,
          64.17,
          64.18,
          64.07000000000001,
          63.99,
          64.02,
          63.85999999999999
        ]
      ]
    },
    "EntropySelectionClustering": {
      "50": [
        [
          63.9,
          65.75,
          65.86999999999999,
          65.88000000000001,
          65.96,
          65.57,
          65.69,
          66.55,
          66.5,
          66.57
        ]
      ]
    },
    "RandomSelection": {
      "50": [
        [
          63.9,
          74.37,
          80.11,
          83.00999999999999,
          84.27,
          84.24000000000001,
          84.89999999999999,
          84.88,
          85.52,
          85.7
        ]
      ]
    }
  }
}